vs_gk_1,training
vs_gk_2,training
vs_gk_3,training
vs_gk_4,training
vs_gk_5,training
vs_gk_6,training
vs_gk_7,training
vs_gk_8,training
vs_gk_9,training
vs_gk_10,training
vs_gk_11,training
vs_gk_12,training
vs_gk_13,training
vs_gk_14,training
vs_gk_15,training
vs_gk_16,training
vs_gk_17,training
vs_gk_18,training
vs_gk_19,training
vs_gk_20,training
vs_gk_21,training
vs_gk_22,training
vs_gk_23,validation
vs_gk_24,validation
vs_gk_25,validation
vs_gk_26,validation
vs_gk_27,validation
vs_gk_28,inference
vs_gk_29,inference
vs_gk_30,inference
vs_gk_31,inference
vs_gk_32,inference
vs_gk_33,training
vs_gk_34,training
vs_gk_35,training
vs_gk_36,training
vs_gk_37,training
vs_gk_38,training
vs_gk_39,training
vs_gk_40,training
vs_gk_41,training
vs_gk_42,training
vs_gk_43,training
vs_gk_44,training
vs_gk_45,training
vs_gk_46,training
vs_gk_47,training
vs_gk_48,training
vs_gk_49,training
vs_gk_50,training
vs_gk_51,training
vs_gk_52,training
vs_gk_53,training
vs_gk_54,training
vs_gk_55,training
vs_gk_56,training
vs_gk_57,training
vs_gk_58,training
vs_gk_59,training
vs_gk_60,training
vs_gk_61,training
vs_gk_62,training
vs_gk_63,training
vs_gk_64,training
vs_gk_65,training
vs_gk_66,training
vs_gk_67,training
vs_gk_68,training
vs_gk_69,training
vs_gk_70,training
vs_gk_71,training
vs_gk_72,training
vs_gk_73,training
vs_gk_74,training
vs_gk_75,training
vs_gk_76,training
vs_gk_77,training
vs_gk_78,training
vs_gk_79,training
vs_gk_80,training
vs_gk_81,training
vs_gk_82,training
vs_gk_83,validation
vs_gk_84,validation
vs_gk_85,validation
vs_gk_86,validation
vs_gk_87,validation
vs_gk_88,validation
vs_gk_89,inference
vs_gk_90,inference
vs_gk_91,inference
vs_gk_92,inference
vs_gk_93,inference
vs_gk_94,inference
vs_gk_95,inference
vs_gk_96,inference
vs_gk_97,inference
vs_gk_98,inference
vs_gk_99,inference
vs_gk_100,inference
vs_gk_101,validation
vs_gk_102,validation
vs_gk_103,validation
vs_gk_104,validation
vs_gk_105,validation
vs_gk_106,validation